mewebsales,Fleet Deployed-5th Fleet-Mid East Region
websale,United_States-Woodbury OMSC New York
aarias,United States-Woodbury OMSC New York
athomson,Germany-Kaiserslautern AX
awells,Okinawa-Camp Hansen
aemenike,United_States-Woodbury OMSC New York
aarneja,United States-Woodbury OMSC New York
adineen,Iraq-South Victory
amurphyt,Cuba-Guantanamo Bay NS
afalsey,Afghanistan-Camp Leatherneck
afalsey,Afghanistan-Kandahar
anigro,United States-Woodbury OMSC New York
ajones,Italy-Aviano AX
ajones,Italy-Aviano AX SRL
AK32106,Belgium-Chievres
aspiegl,Germany-Kronberg Office
aomara,United Arab Emirates-7th Fleet-Dubai Nas
aomara,United Arab Emirates-Dubai
aomara,United Arab Emirates-Jebel Ali - NEXCOM
amcfadde,Korea-Camp Humphreys
adavis,Okinawa-Kadena
adavis1,United States-Woodbury OMSC New York
avillega,United States-Woodbury OMSC New York
aquadros,United Arab Emirates-Dubai Office
afrontai,Japan-Yokosuka
acarey,Germany-Vilseck
aclarke,Germany-Landstuhl
aclarke,Germany-Ramstein H-D
aclarke,Germany-Vogelweh (Pulaski)
AGODWIN,Italy-Vicenza
alenoir,Japan-Iwakuni MCAS
amacgreg,Iraq-Iraq
amoreno,Korea-Yongsan
AOsborne,Germany-Kronberg Office
apotts,Germany-Bamberg
AKoval,United States-Woodbury OMSC New York
abouchar,United States-Woodbury OMSC New York
ADiekmann,Germany-Kronberg Office
amorgan,United_States-Woodbury OMSC New York
ahall,Korea-Yongsan
AWood,Okinawa-Foster Admin
AI339AX,Germany-Spangdahlem AX
AORourke,Afghanistan-Fenty
AORourke,Afghanistan-Manas AFB
AORourke,Afghanistan-Phoenix
AORourke,Afghanistan-Salerno
AORourke,Afghanistan-Sharana
AORourke,Africa-Djibouti
AORourke,Kuwait-Kuwait Ali Al Salim
AORourke,Kuwait-Kuwait Arifjan 1
AORourke,Kuwait-Kuwait Arifjan 6
AORourke,Kuwait-Kuwait Camp Buehring
AORourke,Kuwait-Kuwait Camp Virginia
AORourke,Kuwait-Kuwait LSA
AORourke,United Arab Emirates-7th Fleet-Dubai Nas
AORourke,United Arab Emirates-Abu Dhabi Military
AORourke,United Arab Emirates-Dubai
AORourke,United Arab Emirates-Jebel Ali - NEXCOM
agodinho,United Arab Emirates-Dubai Office
bmurphy,Bahrain-Bahrain
bmurphy,Bahrain-Bahrain Nexcom
BMarro,Switzerland-Fribourg Office
b.marro@omsfr.ch,Switzerland-Fribourg Office
bgaughra,Italy-Aviano
bkivovit,United States-Woodbury OMSC New York
BO51606,Germany-Spangdahlem
BenASO,United States-Woodbury OMSC New York
BMakepea,Korea-Camp Hovey
BSeeger,United States-Woodbury OMSC New York
bblackfo,United States-Woodbury OMSC New York
bbronner,Switzerland-Fribourg Office
BAjoy,United Arab Emirates-Dubai Office
bwireman,Germany-Grafenwoehr
BFord,United States-Woodbury OMSC New York
bquinn,United States-Woodbury OMSC New York
bbielaws,Germany-Kronberg Office
BCOLLINS,United States-Woodbury OMSC New York
BH27406,Germany-Landstuhl
bjones,Italy-Sigonella NAS 2
bkramer,Okinawa-Kadena
blevi,United States-Woodbury OMSC New York
bm97806,Germany-Vilseck
bstanco,United States-Woodbury OMSC New York
bwoods,Germany-Kaiserslautern AX
bkaimis,United States-Woodbury OMSC New York
bjohnsto,Germany-Ramstein HD Showroom
cgulley,United States-Woodbury OMSC New York
cgilbert,United States-Woodbury OMSC New York
cmoore,"Fleet Deployed-2nd Fleet-Norfolk, VA"
cmoor,E-Commerce-AX On-Line (MAXO) - Europe
cwadswor,Okinawa-Kadena
CKelker,Camp Red Cloud
chouse,Okinawa-Kadena
cfede,Okinawa-Kadena Main
cnago,Okinawa-Camp Kinser
cbenaraj,United Arab Emirates-Dubai Office
cnorthco,United Kingdom-Cambridge
CPhillip,United Kingdom-Cambridge
cbell,Germany-Ramstein AX
CCADOTTE,Germany-Ansbach AX
CCADOTTE,Germany-Grafenwoehr AX
CCADOTTE,Germany-Schweinfurt AX
CCADOTTE,Germany-Vilseck AX
CCADOTTE,Italy-Aviano AX SRL
CCADOTTE,Italy-Sigonella AX SRL
CCADOTTE,Italy-Vincenza AX SRL
ccaramic,United States-Woodbury OMSC New York
CChaisty,United States-Woodbury OMSC New York
CClawson,Germany-Ansbach
CClawson,Germany-Ansbach AX
CClawson,Germany-Babenhausen
CClawson,Germany-Bad Aibling
CClawson,Germany-Bad Kreuznach
CClawson,Germany-Bamberg
CClawson,Germany-Bamberg AX
CClawson,Germany-Baumholder
CClawson,Germany-Baumholder 2
CClawson,Germany-Baumholder AX
CClawson,Germany-Berlin Dip AX
CClawson,Germany-Berlin Dipex Comm
CClawson,Germany-Berlin Dipex Sales
CClawson,Germany-Berlin Diplo
CClawson,Germany-Bitburg
CClawson,Germany-Bremerhaven
CClawson,Germany-Darmstadt
CClawson,Germany-Dexheim
CClawson,Germany-Europe Spare 1
CClawson,Germany-Europe Spare 2
CClawson,Germany-Friedberg
CClawson,Germany-Garmisch
CClawson,Germany-Giebelstadt
CClawson,Germany-Giessen
CClawson,Germany-Grafenwoehr
CClawson,Germany-Grafenwoehr AX
CClawson,Germany-Hanau
CClawson,Germany-Hanau AX
CClawson,Germany-Heidelberg
CClawson,Germany-Heidelberg AX
CClawson,Germany-Heidelberg PHV
CClawson,Germany-Hohenfels
CClawson,Germany-Illesheim
CClawson,Germany-Kaiserslautern
CClawson,Germany-Kaiserslautern AX
CClawson,Germany-Kitzingen
CClawson,Germany-Kitzingen AX
CClawson,Germany-Kitzingen Larson
CClawson,Germany-Kronberg Office
CClawson,Germany-Ktown AX
CClawson,Germany-Ktown Remote
CClawson,Germany-Landstuhl
CClawson,Germany-Mainz-Kastel
CClawson,Germany-Mainz-Kastel AX 1
CClawson,Germany-Mainz-Kastel AX 2
CClawson,Germany-Mannheim
CClawson,Germany-Ramstein
CClawson,Germany-Ramstein AX
CClawson,Germany-Ramstein H-D
CClawson,Germany-Rhein Main
CClawson,Germany-Rhein Main 2
CClawson,Germany-Schweinfurt
CClawson,Germany-Schweinfurt 2
CClawson,Germany-Schweinfurt AX
CClawson,Germany-Spangdahlem
CClawson,Germany-Spangdahlem AX
CClawson,Germany-Stuttgart
CClawson,Germany-Stuttgart AX
CClawson,Germany-Vilseck
CClawson,Germany-Vilseck 2
CClawson,Germany-Vilseck AX
CClawson,Germany-Vogelweh (Pulaski)
CClawson,Germany-Wiesbaden
CClawson,Germany-Wurzburg
CClawson,Germany-Wurzburg AX
CClawson,Germany-Wurzburg FQC
CClawson,Germany-Wurzburg PX
cdunham,Italy-Naples
CL51406,United Kingdom-Croughton
CL51406,United Kingdom-Mildenhall
cosime,Okinawa-Kadena
csenior,E-Commerce-E-Commerce PX - Europe
cchin,United States-Woodbury OMSC New York
clifftest,United States-Woodbury OMSC New York
cbailiff,Korea-Camp Red Cloud
cboyle,Germany-Stuttgart
ckokinak,United States-Woodbury OMSC New York
CMacleod,Ramstein
cscully,Bahrain-Bahrain
cmapote,Guam-Andersen AFB
doconnor,United States-Woodbury OMSC New York
dcarriga,Germany-Kaiserslautern AX
dgouldin,Germany-Ramstein
dhiggins,United States-Woodbury OMSC New York
dkelly,Germany-Ramstein HD Showroom
dlaney,Germany-Baumholder
ds90124,United Kingdom-Lakenheath
dkim,Korea-Osan
dvacchio,United States-Woodbury OMSC New York
djones,Germany-Ramstein KMCC Car Lot
DM44006,Belgium-Brussels AX
DM44006,Germany-Heidelberg AX
DM44006,Germany-Kaiserslautern AX
DM44006,Germany-Ramstein AX
DM44006,Germany-Spangdahlem AX
dwaters,Qatar-Qatar Military
dwaters,Qatar-Sheik Isa Air Base
DB34106,Azores-Lajes AB
DB34106,Belgium-Chievres
DB34106,Germany-Baumholder
DB34106,Germany-Bitburg
DB34106,Germany-Spangdahlem
DB34106,Netherlands-Schinnen
DB34106,Spain-Rota
DBohan,Afghanistan-Fenty
DC08515,Italy-Aviano
dgould1,Germany-Vilseck AX
dquinlan,Germany-Wiesbaden
drussell,Guam-Guam Marianas
dsenior,Norway-Stavanger
dsenior,United Kingdom-Alconbury
dsenior,United Kingdom-Croughton
dsenior,United Kingdom-Lakenheath
dsenior,United Kingdom-Menwith Hill
dsenior,United Kingdom-Mildenhall
dsenior,United Kingdom-Molesworth
dsales,United States-Woodbury OMSC New York
dslott,United States-Woodbury OMSC New York
DDeBruin,United States-Woodbury OMSC New York
dgiambal,United States-Woodbury OMSC New York
dmiller,United States-Woodbury OMSC New York
DOutlaw,United States-Woodbury OMSC New York
dcodd,Iraq-Camp Liberty
dcourtne,Germany-Kronberg Office
DP52006,Germany-Spangdahlem
dheve1,Italy-Aviano
dfowler,Japan-Yokota
dpowell,United States-Woodbury OMSC New York
DGaetani,United States-Woodbury OMSC New York
dnigro,United States-Woodbury OMSC New York
dcann,Buenos Aires
damira,United States-Woodbury OMSC New York
dhoudek,Japan-Yokosuka
dwood,United States-Woodbury OMSC New York
DDesena,United States-Woodbury OMSC New York
dmonte,United States-Woodbury OMSC New York
DNicosia,United States-Woodbury OMSC New York
DonnaASO,United States-Woodbury OMSC New York
dboehnin,United States-Woodbury OMSC New York
dcostell,Germany-Ramstein KMCC Car Lot
EK31706,Germany-Kaiserslautern/Kleber
EM40206,Ramstein
emorales,United States-Woodbury OMSC New York
EN691AX,Germany-Ansbach AX
eanderso,"Fleet Deployed-3rd Fleet-San Diego, CA"
eanderso,"Fleet Deployed-3rd Fleet-San Diego, CA"
eanderso,Fleet Deployed-3RD Fleet - NAS
ehamilton,Budapest
evillato,United States-Woodbury OMSC New York
erucker,Germany-Kronberg Office
ESadowsk,United States-Woodbury OMSC New York
elarson,Japan-Misawa
ecoughla,Afghanistan-Camp Leatherneck
epritsch,United States-Woodbury OMSC New York
EZickwer,Germany-Kronberg Office
edow,Okinawa-Kadena
emussen,Korea-Kunsan
eramos,United States-Woodbury OMSC New York
FBrahimi,Germany-Kronberg Office
fprager,United States-Woodbury OMSC New York
fdepaolo,United States-Woodbury OMSC New York
fgadson,Korea-Osan
fjohnson,Germany-Mainz-Kastel AX 1
flandrau,Puerto Rico-Ft. Buchanan
fdavidso,Korea-Camp Casey
gbharath,United States-Woodbury OMSC New York
gwynter,United States-Woodbury OMSC New York
gevans,Kosovo-Camp Bondsteel
ggriffin,United States-Woodbury OMSC New York
gharris,Korea-Yongsan
gcolon,Puerto Rico-Ft. Buchanan
gpoulos,Guam-Guam Marianas
gcarey,Kuwait-Kuwait Arifjan 1
gogorman,Afghanistan-Bagram
GVALIAND,United States-Woodbury OMSC New York
gtaylor,Germany-Stuttgart AX
gwinter,E-Commerce-E-Commerce PX - USA
gcowan,E-Commerce-AX On-Line (MAXO) - Europe
gnolan,Afghanistan-Kandahar
GPerez,Fort Buchanan
hspinks,United States-Woodbury OMSC New York
hkrcel1,E-Commerce-Military Auto Source
hchannav,United States-Woodbury OMSC New York
hessing,Germany-Kronberg Office
hlarocca,Korea-Yongsan
ilivings,Japan-Yokosuka
ishcheti,United States-Woodbury OMSC New York
jasuncio,Guam-NCTAMS
jg24706,Germany-Mainz-Kastel
jrisch,United States-Woodbury OMSC New York
jboden,United States-Woodbury OMSC New York
jbroadle,Germany-Garmisch
jcembroo,United States-Woodbury OMSC New York
jgoza,Japan-Camp Zama
jgoza,Japan-Misawa
jgoza,Japan-Yokota
jkrulder,United States-Woodbury OMSC New York
jleonard,Japan-Sasebo
jparry,Germany-Ramstein KMCC Car Lot
jproctor,Qatar-Al Udied
js953ax,Italy-Vicenza AX
jsmythe,Guam-Andersen AFB
jbarnett,Italy-Aviano
jmcclung,Belgium-Brussels AX
jcullin,United States-Woodbury OMSC New York
jbermant,United States-Woodbury OMSC New York
jg96906,Germany-Ansbach
jholliva,Okinawa-Futenma MCAS
jbeltre,United States-Woodbury OMSC New York
jl19506,Germany-Bamberg
jbradsha,Okinawa-Camp Courtney
jbradsha,Okinawa-Camp Foster
jbradsha,Okinawa-Camp Hansen
jbradsha,Okinawa-Camp Kinser
jbradsha,Okinawa-Camp Schwab
jbradsha,Okinawa-Futenma MCAS
jbradsha,Okinawa-Kadena
jbradsha,Okinawa-Kadena Main
jbradsha,Okinawa-Kadena USO
jbradsha,Okinawa-Torii Station
jfingerl,Korea-Yongsan
jcohen,United States-Woodbury OMSC New York
jklose,Korea-Yongsan
jkryjak,United States-Woodbury OMSC New York
jlichau,United States-Woodbury OMSC New York
jtrautma,Germany-Kronberg Office
jbaxter,Korea-Camp Casey
JH30806,Germany-Ramstein KMCC Car Lot
jkwartle,United States-Woodbury OMSC New York
JGOODENO,United States-Woodbury OMSC New York
JKearney,United States-Woodbury OMSC New York
JNelson,Germany-Kronberg Office
jkrishna,United Arab Emirates-Dubai Office
JF18009,Greece-Souda Bay NA
JKobi,"Fleet Deployed-2nd Fleet-Groton, CT"
JKobi,"Fleet Deployed-2nd Fleet-Kings Bay, GA"
JKobi,"Fleet Deployed-2nd Fleet-Little Creek, VA"
JKobi,"Fleet Deployed-2nd Fleet-Mayport, FL"
JKobi,"Fleet Deployed-2nd Fleet-Norfolk, VA"
JKobi,"Fleet Deployed-2nd Fleet-Pascagoula, MS"
JKobi,"Fleet Deployed-2nd Fleet-Portsmouth, NH"
JKobi,Fleet Deployed-2ND Fleet - Nas
JKobi,"Fleet Deployed-3rd Fleet-Bangor, WA"
JKobi,"Fleet Deployed-3rd Fleet-Bremerton, WA"
JKobi,"Fleet Deployed-3rd Fleet-Everett, WA"
JKobi,"Fleet Deployed-3rd Fleet-Ingleside, TX"
JKobi,"Fleet Deployed-3rd Fleet-Pearl Harbor, HI"
JKobi,"Fleet Deployed-3rd Fleet-San Diego, CA"
JKobi,"Fleet Deployed-3rd Fleet-San Diego, CA"
jrussell,United States-Woodbury OMSC New York
jtaylor,United Kingdom-Cambridge
jfortune,United States-Woodbury OMSC New York
jvillato,United States-Woodbury OMSC New York
jmorales,United States-Woodbury OMSC New York
jphillip,Okinawa-Kadena
jcannon,United States-Woodbury OMSC New York
JDix,Korea-Yongsan DHL
jeltring,United Kingdom-Lakenheath
jham,Japan-Misawa
jippolit,United States-Woodbury OMSC New York
jpower,Germany-Kaiserslautern AX
jtrent,Japan-Atsugi
JMonroe,Kadena
jkay,United States-Woodbury OMSC New York
JFoote,United States-Woodbury OMSC New York
JHerradu,Guam-NCTAMS
jaro,United States-Woodbury OMSC New York
jm40124,Turkey-Incirlik
jmoreno,United States-Woodbury OMSC New York
JBrukiew,Korea-Osan
jdunne,Germany-Ansbach
jlearned,United States-Woodbury OMSC New York
jmarsh,Italy-Sigonella AX SRL
jstasko,United States-Woodbury OMSC New York
jschwede,Germany-Kronberg Office
JH83006,Germany-Vogelweh (Pulaski)
jchoe,Korea-Yongsan
jzapata,Japan-Yokosuka FA
jsinkevi,Germany-Ramstein HD Showroom
jjstarr,E-Commerce-E-Commerce PX - Europe
ksadowski,United States-Woodbury OMSC New York
KamilASO,United States-Woodbury OMSC New York
kcush,United States-Woodbury OMSC New York
kabbale,United States-Woodbury OMSC New York
kcanale,United States-Woodbury OMSC New York
KTooker,United States-Woodbury OMSC New York
kchesloc,United States-Woodbury OMSC New York
kvorhaue,E-Commerce-Military Auto Source
kfinchle,United States-Woodbury OMSC New York
kconnoll,United States-Woodbury OMSC New York
kfoster,Germany-Kronberg Office
kbrown,Korea-Osan
khawksey,Germany-Kaiserslautern AX
klloyd,Italy-Aviano AX
kmcdonag,Italy-Vicenza
ksheil,Kuwait-Kuwait Ali Al Salim
ksulliva,United States-Woodbury OMSC New York
kelliott,United States-Woodbury OMSC New York
khyatt,United States-Woodbury OMSC New York
kemdeeis,Germany-Kronberg Office
LSegal,United States-Woodbury OMSC New York
LC58421,Turkey-Izmir
lkelly,Germany-Mainz-Kastel
lpendleb,Germany-Ansbach AX
lmello,Japan-Camp Zama
lmello,Japan-Misawa
lmello,Japan-Yokota
lmoniot,United States-Woodbury OMSC New York
lestrela,E-Commerce-E-Commerce PX - Europe
LBoyce,United States-Woodbury OMSC New York
lhyman,United States-Woodbury OMSC New York
lmaldare,United States-Woodbury OMSC New York
LJacob,United Arab Emirates-Dubai Office
lbarnett,United States-Woodbury OMSC New York
lkamen,United States-Woodbury OMSC New York
lg33515,Italy-Sigonella
loconnor,Telesales-TeleSales
llaw,E-Commerce-E-Commerce PX - Europe
lrodin,United States-Woodbury OMSC New York
ldangelo,Rome
LN42006,Stuttgart
lguccion,United States-Woodbury OMSC New York
mwoodwar,United Arab Emirates-Dubai Office
mwoodwar,United Arab Emirates-New ISR Training - Dubai
mkanjook,United Arab Emirates-Dubai Office
MGarza,Japan-Yokosuka
mperetzm,United States-Woodbury OMSC New York
mevans,United Kingdom-Cambridge
mconlon,United States-Woodbury OMSC New York
mcaramic,United States-Woodbury OMSC New York
maherne,Qatar-Al Udied
mbrassin,Germany-Ramstein KMCC Car Lot
mbrowne,Germany-Grafenwoehr
MB99906,Azores-Lajes AB
MB99906,Belgium-Chievres
MB99906,Germany-Ansbach
MB99906,Germany-Bamberg
MB99906,Germany-Baumholder
MB99906,Germany-Bitburg
MB99906,Germany-Heidelberg
MB99906,Germany-Heidelberg PHV
MB99906,Germany-Illesheim
MB99906,Germany-Kaiserslautern/Kleber
MB99906,Germany-Kleber Barracks
MB99906,Germany-Landstuhl
MB99906,Germany-Mainz-Kastel
MB99906,Germany-Mannheim
MB99906,Germany-Patch Barracks
MB99906,Germany-Ramstein HD Showroom
MB99906,Germany-Ramstein KMCC Car Lot
MB99906,Germany-Schweinfurt
MB99906,Germany-Spangdahlem
MB99906,Germany-Stuttgart
MB99906,Germany-Vogelweh (Pulaski)
MB99906,Germany-Wiesbaden
MB99906,Greece-Souda Bay NA
MB99906,Kosovo-Camp Bondsteel
MB99906,Kosovo-Kosovo
MB99906,Netherlands-Schinnen
MB99906,Spain-Rota
MB99906,Spain-Rota NS
MB99906,Turkey-Incirlik
MB99906,Turkey-Izmir
mjudge,Germany-Grafenwoehr
MM61106,Germany-Stuttgart
mpenning,Germany-Hohenfels
mmason,United States-Woodbury OMSC New York
mloria,United States-Woodbury OMSC New York
mainscou,Germany-Spangdahlem
mandrews,Germany-Ramstein AX
mburns,Germany-Schweinfurt
mhaas,Germany-Wiesbaden
mm98815,Italy-Vicenza
maurelus,Japan-Camp Zama
mapte,United Arab Emirates-Dubai Office
mnieland,United States-Woodbury OMSC New York
mkoch,Germany-Kronberg Office
mstauden,Switzerland-Fribourg Office
mwillis,United Kingdom-Cambridge
mgoolbup,United States-Woodbury OMSC New York
mcalton,E-Commerce-Military Auto Source
MCANNON,United States-Woodbury OMSC New York
mcharles,United States-Woodbury OMSC New York
mcrachi,E-Commerce-E-Commerce PX - USA
mdanowsk,Germany-Kronberg Office
mdasanto,United Kingdom-Alconbury
mdasanto,United Kingdom-Molesworth
ML99906,Wuerzburg
mlivings,Japan-Iwakuni MCAS
mmcardle,United States-Woodbury OMSC New York
mmulvany,Germany-Ansbach
mmulvany,Germany-Bamberg
mmulvany,Germany-Illesheim
mmulvany,Germany-Schweinfurt
mmulvany,Greece-Souda Bay NA
mmulvany,Kosovo-Camp Bondsteel
MPearsal,United States-Woodbury OMSC New York
msauers,Okinawa-Kadena Main
MSOMAIAH,United States-Woodbury OMSC New York
mwhittin,Korea-Yongsan
mhanson,United States-Woodbury OMSC New York
mmcdonou,Okinawa-Foster Admin
mjacob,United Arab Emirates-Dubai Office
nedwards,United Arab Emirates-Dubai Office
NSabu,United Arab Emirates-Dubai Office
nking,United States-Woodbury OMSC New York
ntsygano,Germany-Ramstein HD Showroom
NK83924,Italy-Vicenza
NT81803,E-Commerce-E-Commerce PX - Europe
nburton,Germany-Ramstein HD Showroom
ngra1,United Kingdom-Mildenhall
nryan,Africa-Djibouti
nryan,Kuwait-Kuwait Arifjan 1
NS35906,Germany-Grafenwoehr
NOShaugh,Afghanistan-Bagram
NOShaugh,Afghanistan-Eggers
NOShaugh,Afghanistan-Fenty
NOShaugh,Afghanistan-Manas AFB
NOShaugh,Afghanistan-Phoenix
NOShaugh,Afghanistan-Salerno
NOShaugh,Afghanistan-Sharana
nbarcena,United States-Woodbury OMSC New York
nmorley,Germany-Stuttgart AX
nknipsch,Korea-Camp Walker
nbarrote,Azores-Lajes AB
nharriot,United States-Woodbury OMSC New York
nwilson,Tel Aviv
nromeo,United Arab Emirates-Dubai Office
NR59106,Ramstein
NCorbitt,Korea-Yongsan Gallery
OMSCFE,Japan-Atsugi
OMSCFE,Japan-Camp Zama
OMSCFE,Japan-Iwakuni MCAS
OMSCFE,Japan-Misawa
OMSCFE,Japan-Sasebo
OMSCFE,Japan-Yokosuka
OMSCFE,Japan-Yokosuka FA
OMSCFE,Japan-Yokota
OMSCFE,Okinawa-Camp Courtney
OMSCFE,Okinawa-Camp Foster
OMSCFE,Okinawa-Camp Hansen
OMSCFE,Okinawa-Camp Kinser
OMSCFE,Okinawa-Camp Schwab
OMSCFE,Okinawa-Futenma MCAS
OMSCFE,Okinawa-Kadena Main
omscme,Afghanistan-Bagram
omscme,Afghanistan-Camp Leatherneck
omscme,Afghanistan-Eggers
omscme,Afghanistan-Fenty
omscme,Afghanistan-Kandahar
omscme,Afghanistan-Manas AFB
omscme,Afghanistan-Phoenix
omscme,Afghanistan-Salerno
omscme,Afghanistan-Sharana
omscme,Afghanistan-Uzbekistan
omscme,Bahrain-Bahrain
omscme,Bahrain-Bahrain-Ship Store-Nas
omscme,Bahrain-Bahrain E/D/FN
omscme,Bahrain-Bahrain Nexcom
omscme,Bahrain-National Motor Co-Bahrain
omscme,Kuwait-Kuwait Ali Al Salim
omscme,Kuwait-Kuwait Arifjan 1
omscme,Kuwait-Kuwait Arifjan 6
omscme,Kuwait-Kuwait Camp Buehring
omscme,Kuwait-Kuwait Camp Patriot
omscme,Kuwait-Kuwait Camp Virginia
omscme,Kuwait-Kuwait LSA
omscme,Qatar-Al Udied
omscme,Qatar-Qatar Military
omscme,Qatar-Sheik Isa Air Base
omscme,United Arab Emirates-7th Fleet-Dubai Nas
omscme,United Arab Emirates-Abu Dhabi Military
omscme,United Arab Emirates-Djibouti
omscme,United Arab Emirates-Dubai
omscme,United Arab Emirates-Dubai Office
omscme,United Arab Emirates-Mid East Telemarketing
PH,Germany-Kronberg Office
pconway,United States-Woodbury OMSC New York
pfokas,United States-Woodbury OMSC New York
phaydock,Germany-Kronberg Office
pmclou2,Germany-Ramstein KMCC Car Lot
pagostin,United States-Woodbury OMSC New York
pbouchar,United States-Woodbury OMSC New York
pculbert,Afghanistan-Bagram
pfarro,Okinawa-Kadena
PF17906,Germany-Garmisch
PF17906,Germany-Grafenwoehr
PF17906,Germany-Hohenfels
PF17906,Germany-Vilseck
PF17906,Italy-Aviano
PF17906,Italy-Naples
PF17906,Italy-Sigonella
PF17906,Italy-Sigonella NAS 2
PF17906,Italy-Vicenza
PF17906,Norway-Stavanger
PF17906,United Kingdom-Alconbury
PF17906,United Kingdom-Croughton
PF17906,United Kingdom-Lakenheath
PF17906,United Kingdom-Menwith Hill
PF17906,United Kingdom-Mildenhall
PF17906,United Kingdom-Molesworth
pfong,United States-Woodbury OMSC New York
PGordon,United States-Woodbury OMSC New York
PH69006,Germany-Ramstein KMCC Car Lot
plaman,Okinawa-Camp Courtney
pdeturri,United States-Woodbury OMSC New York
PaulASO,United States-Woodbury OMSC New York
pmarkey,Germany-Ramstein KMCC Car Lot
pdsouza1,United Arab Emirates-Dubai Office
pwilliam,Germany-Ramstein AX
pdoyle,Afghanistan-Bagram
pherradu,Guam-NCTAMS
PA87824,United Kingdom-Menwith Hill
PT73506,Germany-Ramstein KMCC Car Lot
pdsouza,United Arab Emirates-Dubai Office
PCardoz,E-Commerce-E-Commerce PX - USA
qstulzaf,Korea-Camp Humphreys
rdsouza,Japan-Atsugi
rdsouza,Japan-Camp Zama
rdsouza,Japan-Iwakuni MCAS
rdsouza,Japan-Misawa
rdsouza,Japan-Sasebo
rdsouza,Japan-Yokosuka
rdsouza,Japan-Yokota
rdsouza,United Arab Emirates-Dubai Office
rsiegent,Switzerland-Fribourg Office
rcamacho,United States-Woodbury OMSC New York
rarranz,Philippines-American Embassy Comm Manila
rjohnson,Korea-Camp Casey
rscott,Guam-Andersen AFB
rscott,Guam-Guam Marianas
rscott,Guam-Guam NH
rscott,Guam-Kwajalein Islands
rscott,Guam-Main Navy
rscott,Guam-NCTAMS
rscott,Guam-Saipan
rscott,Guam-Samoa
rtomasel,United States-Woodbury OMSC New York
rnegrons,Spain-Rota
RBerger,Korea-Camp Humphreys
RBerger,Korea-Osan
rcurry,Germany-Schweinfurt AX
revans,Afghanistan-Bagram
revans,Afghanistan-Eggers
revans,Afghanistan-Phoenix
rfarley,Japan-Yokosuka FA
rwarren,Singapore
rlackey,Germany-Kronberg Office
RJ290AX,Germany-Wiesbaden AX
rfaraone,Singapore-Singapore
RM72106,Belgium-Brussels AX
RM72106,Germany-Ansbach AX
RM72106,Germany-Bamberg AX
RM72106,Germany-Grafenwoehr AX
RM72106,Germany-Heidelberg AX
RM72106,Germany-Kaiserslautern AX
RM72106,Germany-Mainz-Kastel AX 1
RM72106,Germany-Mainz-Kastel AX 2
RM72106,Germany-Ramstein AX
RM72106,Germany-Schweinfurt AX
RM72106,Germany-Spangdahlem AX
RM72106,Germany-Stuttgart AX
RM72106,Germany-Vilseck AX
RM72106,Germany-Wiesbaden AX
RM72106,Italy-Aviano AX
RM72106,Italy-Naples AX
RM72106,Italy-Vicenza AX
RM72106,United Kingdom-Lakenheath AX
RM72106,United Kingdom-Mildenhall AX
rd06224,United Kingdom-Lakenheath
bhagan,Okinawa-Kadena
rhunt,Japan-Yokota
rneil,United States-Woodbury OMSC New York
rschwart,United States-Woodbury OMSC New York
RSpagnol,United States-Woodbury OMSC New York
rfoster,Japan-Yokota
RSchantz,E-Commerce-E-Commerce PX - USA
RE20906,Germany-Wiesbaden
rborch,Japan-Atsugi
rcuebas,Puerto Rico-Ft. Buchanan
RM43406,Germany-Ramstein HD Showroom
rdumigan,Afghanistan-Bagram
skenney,E-Commerce-E-Commerce PX - USA
skenny,E-Commerce-E-Commerce PX - USA
ssalvucc,Korea-Camp Casey
ssalvucc,Korea-Camp Red Cloud
ssalvucc,Korea-Camp Stanley
ssalvucc,Korea-Camp Walker
ssalvucc,Korea-Kunsan
ssalvucc,Korea-Taegu (Camp Henry)
ssalvucc,Korea-Yongsan
schilds,Germany-Grafenwoehr AX
sdavies,Germany-Grafenwoehr
sharrold,Germany-Ramstein HD Showroom
sparkhou,Germany-Kaiserslautern AX
schant,Germany-Ramstein KMCC Car Lot
SLynch,Japan-Atsugi
SLynch,Japan-Atsugi NAF
SLynch,Japan-Iwakuni MCAS
SLynch,Japan-Navy - Pacific
SLynch,Japan-Sasebo
SLynch,Japan-Tokyo NB
SLynch,Japan-Yokosuka
SLynch,Japan-Yokosuka FA
swilling,Germany-Illesheim
smarano,United States-Woodbury OMSC New York
sveerava,United States-Woodbury OMSC New York
SISLAM2,Germany-Kaiserslautern AX
sfootman,Germany-Ramstein KMCC Car Lot
szimber,Okinawa-Foster Admin
shalpin,Germany-Grafenwoehr
soverzat,Okinawa-Camp Foster
spartrid,United States-Woodbury OMSC New York
SLugo,Puerto Rico-Ft. Buchanan
smccoan,Germany-Vogelweh (Pulaski)
scallaha,Guam-Andersen AFB
smoscoso,United Arab Emirates-Dubai Office
ssushil,United Arab Emirates-Dubai Office
swoodber,United States-Woodbury OMSC New York
swilliam,United Kingdom-Lakenheath AX
svarma,United Arab Emirates-Dubai Office
Scorpata,Switzerland-Fribourg Office
SFriedma,United States-Woodbury OMSC New York
sparris,United States-Woodbury OMSC New York
sconigli,United States-Woodbury OMSC New York
spoole,Germany-Baumholder
sdobbs,Germany-Stuttgart Patch Barracks
sthake10,United States-Woodbury OMSC New York
sball,United Kingdom-Lakenheath AX
sdalrymp,Afghanistan-Kandahar
skeogh,Afghanistan-Camp Marmal
sthake,United States-Woodbury OMSC New York
sfrisch,United States-Woodbury OMSC New York
sgallowa,Germany-Wiesbaden AX
sjackson,Korea-Yongsan Gallery
smcewan,Netherlands-Schinnen
sumansky,United States-Woodbury OMSC New York
skrachen,United States-Woodbury OMSC New York
sislam,Germany-Kaiserslautern AX Administration
sbaker,United States-Woodbury OMSC New York
spilc,United States-Woodbury OMSC New York
TYOO,Korea-Yongsan
ttavares,United States-Woodbury OMSC New York
tdillon,United Arab Emirates-7th Fleet-Dubai Nas
tdillon,United Arab Emirates-Jebel Ali - NEXCOM
TJJones,Osan AB
therschl,United States-Woodbury OMSC New York
tagent,United States-Woodbury OMSC New York
domrtest,Azores-Azores
thisisaverylongemailaddressthatisusedfortestingpurposes,Bahrain-Bahrain
TBohonan,United States-Woodbury OMSC New York
tgibson,United Kingdom-Lakenheath
tjones1,Guam-Guam Marianas
tvoltz,Okinawa-Kadena
tbeasley,Japan-Atsugi
tbeasley,Japan-Atsugi NAF
tbeasley,Japan-Iwakuni MCAS
tbeasley,Japan-Navy - Pacific
tbeasley,Japan-Sasebo
tbeasley,Japan-Tokyo NB
tbeasley,Japan-Yokosuka
tbeasley,Japan-Yokosuka FA
TC12906,Vogelweh
tmckinne,Okinawa-Kadena
tcush,United States-Woodbury OMSC New York
tfaver,United States-Woodbury OMSC New York
tcullum,E-Commerce-E-Commerce PX - USA
THannula,Korea-Osan
tsimmons,Okinawa-Kadena
vamodeo,United States-Woodbury OMSC New York
vegger,Switzerland-Fribourg Office
VSaffiot,United States-Woodbury OMSC New York
vathikka,United Arab Emirates-Dubai Office
vragavan,United States-Woodbury OMSC New York
vpersson,Germany-Bavaria
vlamanna,United States-Woodbury OMSC New York
VS69206,Germany-Vilseck
vkannan,United Arab Emirates-Dubai Office
vclark,Guam-NCTAMS
wcranen,France-Blancfosse
wduncan,United States-Woodbury OMSC New York
WKuzmiak,United States-Woodbury OMSC New York
wmurphy,Afghanistan-Camp Leatherneck
WOzbirn,Korea-Yongsan
wskinner,Afghanistan-Kandahar
WTuttle,Japan-Misawa
wpierre,United States-Woodbury OMSC New York
YVelasqu,United States-Woodbury OMSC New York
yarneja,United States-Woodbury OMSC New York
zz944ax,United Kingdom-Lakenheath AX
